timestamp,best_ofi,multi_ofi,integrated_ofi,cross_asset_ofi
2024-10-21 11:54:00+00:00,-470.0,20.563573647268793,-49.46793031740032,
2024-10-21 11:55:00+00:00,-1217.0,24.609559956409004,-247.94969251187445,
2024-10-21 11:56:00+00:00,334.0,21.427159116834392,-829.5170550328099,
2024-10-21 11:57:00+00:00,960.0,17.048592054713556,586.0527226466503,
2024-10-21 11:58:00+00:00,615.0,44.85362453531598,-306.5544955798616,
2024-10-21 11:59:00+00:00,372.0,35.783209351753456,-708.4261779681875,
2024-10-21 12:00:00+00:00,620.0,21.609717042240487,116.75944711077516,
2024-10-21 12:01:00+00:00,-798.0,41.7218347696003,-201.415785889592,
2024-10-21 12:02:00+00:00,-1000.0,12.663115060252808,330.1704668038018,
2024-10-21 12:03:00+00:00,-449.0,13.231627906976744,446.18040813251383,
2024-10-21 12:04:00+00:00,147.0,-1.0224935732647815,382.8609309662417,
2024-10-21 12:05:00+00:00,185.0,41.52963697715811,198.92816818166767,
2024-10-21 12:06:00+00:00,-3741.0,10.89106254268709,416.0637955331995,
2024-10-21 12:07:00+00:00,-950.0,5.509578671824199,-2133.0049038782654,
2024-10-21 12:08:00+00:00,978.0,18.412979260733145,1326.8863301486533,
2024-10-21 12:09:00+00:00,203.0,44.7635704314619,1185.6651173052771,
2024-10-21 12:10:00+00:00,9.0,61.26045400238949,-154.85445010045822,
2024-10-21 12:11:00+00:00,-1.0,19.454365018965106,12317.769333519886,
2024-10-21 12:12:00+00:00,-1438.0,18.118528523934433,1114.833453505851,
2024-10-21 12:13:00+00:00,-920.0,6.934225294005437,-2668.741370513645,
2024-10-21 12:14:00+00:00,-22.0,22.84022317670058,1994.794991380515,
2024-10-21 12:15:00+00:00,-2481.0,-18.574112863922387,4383.342374269704,
2024-10-21 12:16:00+00:00,-4206.0,7.855359654540643,-2679.7490011105583,
2024-10-21 12:17:00+00:00,-1677.0,22.77146398090164,-528.1914506781511,
2024-10-21 12:18:00+00:00,-3100.0,19.78708339838715,-926.3429356988735,
2024-10-21 12:19:00+00:00,-3050.0,11.213916758233296,512.2378913430151,
2024-10-21 12:20:00+00:00,-1995.0,28.82381468203429,722.6110768927203,
2024-10-21 12:21:00+00:00,0.0,17.251431830523178,34.96550474894273,
2024-10-21 12:22:00+00:00,141.0,-11.57212809290636,2363.539335900238,
2024-10-21 12:23:00+00:00,-464.0,1.3728570537996385,-2356.6475009929914,
2024-10-21 12:24:00+00:00,-178.0,4.299191766484475,1896.0988242561723,
2024-10-21 12:25:00+00:00,84.0,37.293956126309226,-2332.6853493206645,
2024-10-21 12:26:00+00:00,337.0,11.711216284402205,-3871.305595878043,
2024-10-21 12:27:00+00:00,24.0,8.196796161856696,-1900.4865786638454,
2024-10-21 12:28:00+00:00,-593.0,-7.0706248808085945,-1872.9693739553713,
2024-10-21 12:29:00+00:00,-1018.0,29.52447235961124,-3517.742293311918,
2024-10-21 12:30:00+00:00,-1410.0,-13.965149867991926,3726.766471521907,
2024-10-21 12:31:00+00:00,-3621.0,-11.542811618840311,1150.2482918646147,
2024-10-21 12:32:00+00:00,-4012.0,20.29747757417772,-268.0127167752577,
2024-10-21 12:33:00+00:00,-2375.0,-5.245914329117843,-788.9454127558992,
2024-10-21 12:34:00+00:00,-4642.0,-5.7514720550854275,2859.048528432688,
2024-10-21 12:35:00+00:00,891.0,5.11132893251511,-931.1204950952144,
2024-10-21 12:36:00+00:00,-287.0,15.772892209178227,-1001.4562497668634,
2024-10-21 12:37:00+00:00,-302.0,4.822042145822162,4418.820679366573,
2024-10-21 12:38:00+00:00,-3503.0,-56.05769230769231,1068.5192797381526,
2024-10-21 12:39:00+00:00,-1103.0,-6.316900235111169,806.2115570028084,
2024-10-21 12:40:00+00:00,-2976.0,25.009549745492425,631.4794722396052,
2024-10-21 12:41:00+00:00,-3655.0,-21.65883828806488,464.9164289266196,
2024-10-21 12:42:00+00:00,-15.0,46.20821316593123,-1644.6067640209342,
2024-10-21 12:43:00+00:00,-193.0,20.868323378134786,-1021.4840311916139,
2024-10-21 12:44:00+00:00,-3507.0,-5.285153283020088,512.0523992722756,
2024-10-21 12:45:00+00:00,-191.0,26.20237203797193,-115.60026948241497,
2024-10-21 12:46:00+00:00,178.0,-14.0003783886051,-410.85752333179755,
2024-10-21 12:47:00+00:00,-2327.0,14.10498007481114,1802.59662251072,
2024-10-21 12:48:00+00:00,-1125.0,5.827395213836917,-1883.267412206209,
2024-10-21 12:49:00+00:00,-307.0,43.60757357228343,1462.6259283697125,
2024-10-21 12:50:00+00:00,180.0,-10.29213515896554,6749.914678791614,
2024-10-21 12:51:00+00:00,-414.0,6.54842348891034,10511.905705203479,
2024-10-21 12:52:00+00:00,-138.0,9.255131777838583,2564.6199750779606,
2024-10-21 12:53:00+00:00,-1180.0,-24.014173839202407,1051.40245914483,
2024-10-21 12:54:00+00:00,-185.0,19.942198122815228,-23.752212818753257,
2024-10-21 12:55:00+00:00,-1908.0,-21.774051254832486,5057.320563710868,
2024-10-21 12:56:00+00:00,215.0,3.9639521707649323,4002.4854492613613,
2024-10-21 12:57:00+00:00,25.0,20.603280741989263,439.336119858899,
2024-10-21 12:58:00+00:00,195.0,4.115102644526299,1718.2674320387537,
2024-10-21 12:59:00+00:00,-49.0,-7.831152631439263,1188.3507592553742,
2024-10-21 13:00:00+00:00,-1007.0,1.4347974305328104,-1560.6326414755054,
2024-10-21 13:01:00+00:00,-1137.0,-13.144977883835754,1602.617405283294,
2024-10-21 13:02:00+00:00,-6296.0,-156.32620784999247,1099.0197033092234,
2024-10-21 13:03:00+00:00,171.0,77.6358409871696,-155.09139132089527,
2024-10-21 13:04:00+00:00,-196.0,-37.635093486747486,213.12470169008228,
